<?xml version="1.0" encoding="us-ascii"?>
<form>
  <property>
    <name>IconOff</name>
    <value>icon1.ico</value>
  </property>
  <property>
    <name>IconActive</name>
    <value>icon.ico</value>
  </property>
  <property>
    <name>picForeground</name>
    <value>thunderUI-3.png</value>
  </property>
  <property>
    <name>picBackground</name>
    <value>thunderUI-1.png</value>
  </property>
  <property>
    <name>picHighlight</name>
    <value>thunderUI-2.png</value>
  </property>
  <region>
    <name>Minimize</name>
    <type>button</type>
    <X>192</X>
    <Y>40</Y>
    <Width>14</Width>
    <Height>14</Height>
    <tooltip>Minimize</tooltip>
  </region>
  <region>
    <name>Close</name>
    <type>button</type>
    <X>212</X>
    <Y>40</Y>
    <Width>15</Width>
    <Height>14</Height>
    <tooltip>Close</tooltip>
  </region>
  <region>
    <name>Up</name>
    <type>button</type>
    <X>99</X>
    <Y>41</Y>
    <Width>69</Width>
    <Height>52</Height>
  </region>
  <region>
    <name>Down</name>
    <type>button</type>
    <X>95</X>
    <Y>158</Y>
    <Width>78</Width>
    <Height>66</Height>
  </region>
  <region>
    <name>Left</name>
    <type>button</type>
    <X>22</X>
    <Y>95</Y>
    <Width>74</Width>
    <Height>59</Height>
  </region>
  <region>
    <name>Right</name>
    <type>button</type>
    <X>171</X>
    <Y>95</Y>
    <Width>73</Width>
    <Height>59</Height>
  </region>
  <region>
    <name>Fire</name>
    <type>custom</type>
    <X>98</X>
    <Y>94</Y>
    <Width>73</Width>
    <Height>62</Height>
  </region>
  <region>
    <name>Reset</name>
    <type>custom</type>
    <X>17</X>
    <Y>282</Y>
    <Width>73</Width>
    <Height>32</Height>
    <tooltip>Reset</tooltip>
  </region>
  <region>
    <name>Sound</name>
    <type>custom</type>
    <X>179</X>
    <Y>282</Y>
    <Width>73</Width>
    <Height>32</Height>
    <tooltip>Mute/Unmute</tooltip>
  </region>
  <region>
    <name>Square1</name>
    <type>static</type>
    <X>24</X>
    <Y>228</Y>
    <Width>13</Width>
    <Height>14</Height>
    <value>redsq2.png</value>
  </region>
  <region>
    <name>Square2</name>
    <type>static</type>
    <X>24</X>
    <Y>245</Y>
    <Width>13</Width>
    <Height>13</Height>
    <value>redsq2.png</value>
  </region>
  <region>
    <name>Square3</name>
    <type>static</type>
    <X>24</X>
    <Y>262</Y>
    <Width>13</Width>
    <Height>13</Height>
    <value>redsq2.png</value>
  </region>
  <region>
    <name>BlueRect1</name>
    <type>static</type>
    <X>199</X>
    <Y>183</Y>
    <Width>39</Width>
    <Height>18</Height>
    <value>bluesq.png</value>
  </region>
  <region>
    <name>BlueRect2</name>
    <type>static</type>
    <X>199</X>
    <Y>201</Y>
    <Width>39</Width>
    <Height>18</Height>
    <value>bluesq.png</value>
  </region>
  <region>
    <name>RedRect1</name>
    <type>static</type>
    <X>40</X>
    <Y>36</Y>
    <Width>45</Width>
    <Height>19</Height>
    <value>redsq.png</value>
  </region>
  <region>
    <name>logo</name>
    <type>button</type>
    <X>113</X>
    <Y>288</Y>
    <Width>42</Width>
    <Height>39</Height>
  </region>
</form>
